<?xml version="1.0"?>
<!--
** DO NOT EDIT THIS FILE.
** If you make changes to this file while any VirtualBox related application
** is running, your changes will be overwritten later, without taking effect.
** Use VBoxManage or the VirtualBox Manager GUI to make changes.
-->
<VirtualBox xmlns="http://www.virtualbox.org/" version="1.12-linux">
  <Global>
    <ExtraData>
      <ExtraDataItem name="GUI/Details/Elements" value="general,system,preview,display,storage,audio,network,usb,sharedFolders,description"/>
      <ExtraDataItem name="GUI/GroupDefinitions/" value="n=GLOBAL,m=4d7db217-c87f-457d-a62c-ce6945239d47,m=4300cd70-7ce3-4085-a6ff-91d643b26bca"/>
      <ExtraDataItem name="GUI/LastItemSelected" value="m=7"/>
      <ExtraDataItem name="GUI/LastWindowPosition" value="0,30,716,705"/>
      <ExtraDataItem name="GUI/RecentFolderHD" value="/home/hayakawa/VirtualBox VMs/Steam"/>
      <ExtraDataItem name="GUI/RecentListHD" value="/home/hayakawa/VirtualBox VMs/Steam/Steam_1.vdi,/run/media/hayakawa/Local Disk/New folder/VirtualBox VMs/7/7.vdi"/>
      <ExtraDataItem name="GUI/SplitterSizes" value="219,496"/>
      <ExtraDataItem name="GUI/Toolbar" value="false"/>
      <ExtraDataItem name="GUI/Tools/LastItemsSelected" value="Welcome,Details"/>
    </ExtraData>
    <MachineRegistry>
      <MachineEntry uuid="{4d7db217-c87f-457d-a62c-ce6945239d47}" src="/home/hayakawa/VirtualBox VMs/7/7.vbox"/>
      <MachineEntry uuid="{4300cd70-7ce3-4085-a6ff-91d643b26bca}" src="/home/hayakawa/VirtualBox VMs/Steam/Steam.vbox"/>
    </MachineRegistry>
    <NetserviceRegistry>
      <DHCPServers>
        <DHCPServer networkName="HostInterfaceNetworking-vboxnet0" IPAddress="192.168.56.100" networkMask="255.255.255.0" lowerIP="192.168.56.101" upperIP="192.168.56.254" enabled="1"/>
      </DHCPServers>
    </NetserviceRegistry>
    <SystemProperties defaultMachineFolder="/home/hayakawa/VirtualBox VMs" defaultHardDiskFormat="VDI" VRDEAuthLibrary="VBoxAuth" webServiceAuthLibrary="VBoxAuth" LogHistoryCount="3" proxyMode="0" exclusiveHwVirt="true"/>
    <USBDeviceFilters/>
  </Global>
</VirtualBox>
